Workbook

Sheet MatchDay1
A1: Player Name | B1: Experience Score | C1: Shift 1 Role | D1: Shift 2 Role | E1: Shift 3 Role | F1: Shift 4 Role | G1: Shift 5 Role | H1: Shift 6 Role | I1: Total Shifts Played | J1: Goalie Shifts | W1: Total Shifts Played
A2: Fossouo Mokom | B2: =IFERROR(VLOOKUP(A2, 'Player/Position Info'!$A$2:$B$50, 2, FALSE), 0) -> 0 | C2: =IF(ISBLANK($A2), "Bench", IFS( $B2=3, "Striker", $B2=2, "Mid", $B2=1, IF(MOD(COLUMN(), 2)=0, "Defense", "Goalie") ) ) -> #N/A | D2: Striker | E2: =IF(ISBLANK(#REF!), "Bench", IF(VLOOKUP(#REF!, 'PlayerPosition Info'!$A$2:$C$50, 3, FALSE)="Goalie", "Goalie", IF(VLOOKUP(#REF!, 'PlayerPosition Info'!$A$2:$C$50, 3, FALSE)="Defense", "Defense", IF(VLOOKUP(#REF!, 'PlayerPosition Info'!$A$2:$C$50, 3, FALSE)="Mid", "Mid", "Attack")))) -> #REF! | F2: =IF(ISBLANK(#REF!), "Bench", IF(VLOOKUP(#REF!, 'PlayerPosition Info'!$A$2:$C$50, 3, FALSE)="Goalie", "Goalie", IF(VLOOKUP(#REF!, 'PlayerPosition Info'!$A$2:$C$50, 3, FALSE)="Defense", "Defense", IF(VLOOKUP(#REF!, 'PlayerPosition Info'!$A$2:$C$50, 3, FALSE)="Mid", "Mid", "Attack")))) -> #REF! | G2: =IF(ISBLANK(#REF!), "Bench", IF(VLOOKUP(#REF!, 'PlayerPosition Info'!$A$2:$C$50, 3, FALSE)="Goalie", "Goalie", IF(VLOOKUP(#REF!, 'PlayerPosition Info'!$A$2:$C$50, 3, FALSE)="Defense", "Defense", IF(VLOOKUP(#REF!, 'PlayerPosition Info'!$A$2:$C$50, 3, FALSE)="Mid", "Mid", "Attack")))) -> #REF! | H2: =IF(ISBLANK(#REF!), "Bench", IF(VLOOKUP(#REF!, 'PlayerPosition Info'!$A$2:$C$50, 3, FALSE)="Goalie", "Goalie", IF(VLOOKUP(#REF!, 'PlayerPosition Info'!$A$2:$C$50, 3, FALSE)="Defense", "Defense", IF(VLOOKUP(#REF!, 'PlayerPosition Info'!$A$2:$C$50, 3, FALSE)="Mid", "Mid", "Attack")))) -> #REF! | I2: =COUNTIF(C2:H2, "<>Bench")-COUNTIF(C2:H2, "<>Rest") -> 0 | J2: =COUNTIF(C2:H2, "Goalie") -> 0 | W2: =COUNTIF(B2:H2, A2) + COUNTIF(B3:H3, A2) + COUNTIF(B4:H4, A2) + ... -> #ERROR! | X2: =IF(W2 < AVERAGE($W$2:$W$14), "✅ NEEDS TIME", "🛑 RESTING") -> #ERROR!
A3: Genevieve Kruder | B3: =IFERROR(VLOOKUP(A3, 'Player/Position Info'!$A$2:$B$50, 2, FALSE), 0) -> 0 | C3: =IF(ISBLANK($A3), "Bench", IFS( $B3=3, "Striker", $B3=2, "Mid", $B3=1, IF(MOD(COLUMN(), 2)=0, "Defense", "Goalie") ) ) -> #N/A | D3: =IF(ISBLANK(#REF!), "Bench", IF(VLOOKUP(#REF!, 'PlayerPosition Info'!$A$2:$C$50, 3, FALSE)="Goalie", "Goalie", IF(VLOOKUP(#REF!, 'PlayerPosition Info'!$A$2:$C$50, 3, FALSE)="Defense", "Defense", IF(VLOOKUP(#REF!, 'PlayerPosition Info'!$A$2:$C$50, 3, FALSE)="Mid", "Mid", "Attack")))) -> #REF! | E3: =IF(ISBLANK(#REF!), "Bench", IF(VLOOKUP(#REF!, 'PlayerPosition Info'!$A$2:$C$50, 3, FALSE)="Goalie", "Goalie", IF(VLOOKUP(#REF!, 'PlayerPosition Info'!$A$2:$C$50, 3, FALSE)="Defense", "Defense", IF(VLOOKUP(#REF!, 'PlayerPosition Info'!$A$2:$C$50, 3, FALSE)="Mid", "Mid", "Attack")))) -> #REF! | F3: =IF(ISBLANK(#REF!), "Bench", IF(VLOOKUP(#REF!, 'PlayerPosition Info'!$A$2:$C$50, 3, FALSE)="Goalie", "Goalie", IF(VLOOKUP(#REF!, 'PlayerPosition Info'!$A$2:$C$50, 3, FALSE)="Defense", "Defense", IF(VLOOKUP(#REF!, 'PlayerPosition Info'!$A$2:$C$50, 3, FALSE)="Mid", "Mid", "Attack")))) -> #REF! | G3: =IF(ISBLANK(#REF!), "Bench", IF(VLOOKUP(#REF!, 'PlayerPosition Info'!$A$2:$C$50, 3, FALSE)="Goalie", "Goalie", IF(VLOOKUP(#REF!, 'PlayerPosition Info'!$A$2:$C$50, 3, FALSE)="Defense", "Defense", IF(VLOOKUP(#REF!, 'PlayerPosition Info'!$A$2:$C$50, 3, FALSE)="Mid", "Mid", "Attack")))) -> #REF! | H3: =IF(ISBLANK(#REF!), "Bench", IF(VLOOKUP(#REF!, 'PlayerPosition Info'!$A$2:$C$50, 3, FALSE)="Goalie", "Goalie", IF(VLOOKUP(#REF!, 'PlayerPosition Info'!$A$2:$C$50, 3, FALSE)="Defense", "Defense", IF(VLOOKUP(#REF!, 'PlayerPosition Info'!$A$2:$C$50, 3, FALSE)="Mid", "Mid", "Attack")))) -> #REF! | I3: =COUNTIF(C3:H3, "Rest?") -> 0 | J3: =COUNTIF(C3:H3, "Goalie") -> 0 | W3: =COUNTIF(B2:H2, A2) + COUNTIF(B3:H3, A2) + COUNTIF(B4:H4, A2) + ... -> #ERROR! | X3: =IF(W3 < AVERAGE($W$2:$W$14), "✅ NEEDS TIME", "🛑 RESTING") -> #ERROR!
A4: Mary Snow | B4: =IFERROR(VLOOKUP(A4, 'Player/Position Info'!$A$2:$B$50, 2, FALSE), 0) -> 0 | C4: =IF(ISBLANK($A4), "Bench", IFS( $B4=3, "Striker", $B4=2, "Mid", $B4=1, IF(MOD(COLUMN(), 2)=0, "Defense", "Goalie") ) ) -> #N/A | D4: =IF(ISBLANK(#REF!), "Bench", IF(VLOOKUP(#REF!, 'PlayerPosition Info'!$A$2:$C$50, 3, FALSE)="Goalie", "Goalie", IF(VLOOKUP(#REF!, 'PlayerPosition Info'!$A$2:$C$50, 3, FALSE)="Defense", "Defense", IF(VLOOKUP(#REF!, 'PlayerPosition Info'!$A$2:$C$50, 3, FALSE)="Mid", "Mid", "Attack")))) -> #REF! | E4: =IF(ISBLANK(#REF!), "Bench", IF(VLOOKUP(#REF!, 'PlayerPosition Info'!$A$2:$C$50, 3, FALSE)="Goalie", "Goalie", IF(VLOOKUP(#REF!, 'PlayerPosition Info'!$A$2:$C$50, 3, FALSE)="Defense", "Defense", IF(VLOOKUP(#REF!, 'PlayerPosition Info'!$A$2:$C$50, 3, FALSE)="Mid", "Mid", "Attack")))) -> #REF! | F4: =IF(ISBLANK(#REF!), "Bench", IF(VLOOKUP(#REF!, 'PlayerPosition Info'!$A$2:$C$50, 3, FALSE)="Goalie", "Goalie", IF(VLOOKUP(#REF!, 'PlayerPosition Info'!$A$2:$C$50, 3, FALSE)="Defense", "Defense", IF(VLOOKUP(#REF!, 'PlayerPosition Info'!$A$2:$C$50, 3, FALSE)="Mid", "Mid", "Attack")))) -> #REF! | G4: =IF(ISBLANK(#REF!), "Bench", IF(VLOOKUP(#REF!, 'PlayerPosition Info'!$A$2:$C$50, 3, FALSE)="Goalie", "Goalie", IF(VLOOKUP(#REF!, 'PlayerPosition Info'!$A$2:$C$50, 3, FALSE)="Defense", "Defense", IF(VLOOKUP(#REF!, 'PlayerPosition Info'!$A$2:$C$50, 3, FALSE)="Mid", "Mid", "Attack")))) -> #REF! | H4: =IF(ISBLANK(#REF!), "Bench", IF(VLOOKUP(#REF!, 'PlayerPosition Info'!$A$2:$C$50, 3, FALSE)="Goalie", "Goalie", IF(VLOOKUP(#REF!, 'PlayerPosition Info'!$A$2:$C$50, 3, FALSE)="Defense", "Defense", IF(VLOOKUP(#REF!, 'PlayerPosition Info'!$A$2:$C$50, 3, FALSE)="Mid", "Mid", "Attack")))) -> #REF! | I4: =COUNTIF(C4:H4, "Rest?") -> 0 | J4: =COUNTIF(C4:H4, "Goalie") -> 0 | W4: =COUNTIF(B2:H2, A2) + COUNTIF(B3:H3, A2) + COUNTIF(B4:H4, A2) + ... -> #ERROR! | X4: =IF(W4 < AVERAGE($W$2:$W$14), "✅ NEEDS TIME", "🛑 RESTING") -> #ERROR!
A5: Mateo Gurrero | B5: =IFERROR(VLOOKUP(A5, 'Player/Position Info'!$A$2:$B$50, 2, FALSE), 0) -> 0 | C5: =IF(ISBLANK($A5), "Bench", IFS( $B5=3, "Striker", $B5=2, "Mid", $B5=1, IF(MOD(COLUMN(), 2)=0, "Defense", "Goalie") ) ) -> #N/A | D5: =IF(ISBLANK(#REF!), "Bench", IF(VLOOKUP(#REF!, 'PlayerPosition Info'!$A$2:$C$50, 3, FALSE)="Goalie", "Goalie", IF(VLOOKUP(#REF!, 'PlayerPosition Info'!$A$2:$C$50, 3, FALSE)="Defense", "Defense", IF(VLOOKUP(#REF!, 'PlayerPosition Info'!$A$2:$C$50, 3, FALSE)="Mid", "Mid", "Attack")))) -> #REF! | E5: =IF(ISBLANK(#REF!), "Bench", IF(VLOOKUP(#REF!, 'PlayerPosition Info'!$A$2:$C$50, 3, FALSE)="Goalie", "Goalie", IF(VLOOKUP(#REF!, 'PlayerPosition Info'!$A$2:$C$50, 3, FALSE)="Defense", "Defense", IF(VLOOKUP(#REF!, 'PlayerPosition Info'!$A$2:$C$50, 3, FALSE)="Mid", "Mid", "Attack")))) -> #REF! | F5: =IF(ISBLANK(#REF!), "Bench", IF(VLOOKUP(#REF!, 'PlayerPosition Info'!$A$2:$C$50, 3, FALSE)="Goalie", "Goalie", IF(VLOOKUP(#REF!, 'PlayerPosition Info'!$A$2:$C$50, 3, FALSE)="Defense", "Defense", IF(VLOOKUP(#REF!, 'PlayerPosition Info'!$A$2:$C$50, 3, FALSE)="Mid", "Mid", "Attack")))) -> #REF! | G5: =IF(ISBLANK(#REF!), "Bench", IF(VLOOKUP(#REF!, 'PlayerPosition Info'!$A$2:$C$50, 3, FALSE)="Goalie", "Goalie", IF(VLOOKUP(#REF!, 'PlayerPosition Info'!$A$2:$C$50, 3, FALSE)="Defense", "Defense", IF(VLOOKUP(#REF!, 'PlayerPosition Info'!$A$2:$C$50, 3, FALSE)="Mid", "Mid", "Attack")))) -> #REF! | H5: =IF(ISBLANK(#REF!), "Bench", IF(VLOOKUP(#REF!, 'PlayerPosition Info'!$A$2:$C$50, 3, FALSE)="Goalie", "Goalie", IF(VLOOKUP(#REF!, 'PlayerPosition Info'!$A$2:$C$50, 3, FALSE)="Defense", "Defense", IF(VLOOKUP(#REF!, 'PlayerPosition Info'!$A$2:$C$50, 3, FALSE)="Mid", "Mid", "Attack")))) -> #REF! | I5: =COUNTIF(C5:H5, "Rest?") -> 0 | J5: =COUNTIF(C5:H5, "Goalie") -> 0 | W5: =COUNTIF(B2:H2, A2) + COUNTIF(B3:H3, A2) + COUNTIF(B4:H4, A2) + ... -> #ERROR! | X5: =IF(W5 < AVERAGE($W$2:$W$14), "✅ NEEDS TIME", "🛑 RESTING") -> #ERROR!
A6: Trent Marshall | B6: =IFERROR(VLOOKUP(A6, 'Player/Position Info'!$A$2:$B$50, 2, FALSE), 0) -> 0 | C6: =IF(ISBLANK($A6), "Bench", IFS( $B6=3, "Striker", $B6=2, "Mid", $B6=1, IF(MOD(COLUMN(), 2)=0, "Defense", "Goalie") ) ) -> #N/A | D6: =IF(ISBLANK(#REF!), "Bench", IF(VLOOKUP(#REF!, 'PlayerPosition Info'!$A$2:$C$50, 3, FALSE)="Goalie", "Goalie", IF(VLOOKUP(#REF!, 'PlayerPosition Info'!$A$2:$C$50, 3, FALSE)="Defense", "Defense", IF(VLOOKUP(#REF!, 'PlayerPosition Info'!$A$2:$C$50, 3, FALSE)="Mid", "Mid", "Attack")))) -> #REF! | E6: =IF(ISBLANK(#REF!), "Bench", IF(VLOOKUP(#REF!, 'PlayerPosition Info'!$A$2:$C$50, 3, FALSE)="Goalie", "Goalie", IF(VLOOKUP(#REF!, 'PlayerPosition Info'!$A$2:$C$50, 3, FALSE)="Defense", "Defense", IF(VLOOKUP(#REF!, 'PlayerPosition Info'!$A$2:$C$50, 3, FALSE)="Mid", "Mid", "Attack")))) -> #REF! | F6: =IF(ISBLANK(#REF!), "Bench", IF(VLOOKUP(#REF!, 'PlayerPosition Info'!$A$2:$C$50, 3, FALSE)="Goalie", "Goalie", IF(VLOOKUP(#REF!, 'PlayerPosition Info'!$A$2:$C$50, 3, FALSE)="Defense", "Defense", IF(VLOOKUP(#REF!, 'PlayerPosition Info'!$A$2:$C$50, 3, FALSE)="Mid", "Mid", "Attack")))) -> #REF! | G6: =IF(ISBLANK(#REF!), "Bench", IF(VLOOKUP(#REF!, 'PlayerPosition Info'!$A$2:$C$50, 3, FALSE)="Goalie", "Goalie", IF(VLOOKUP(#REF!, 'PlayerPosition Info'!$A$2:$C$50, 3, FALSE)="Defense", "Defense", IF(VLOOKUP(#REF!, 'PlayerPosition Info'!$A$2:$C$50, 3, FALSE)="Mid", "Mid", "Attack")))) -> #REF! | H6: =IF(ISBLANK(#REF!), "Bench", IF(VLOOKUP(#REF!, 'PlayerPosition Info'!$A$2:$C$50, 3, FALSE)="Goalie", "Goalie", IF(VLOOKUP(#REF!, 'PlayerPosition Info'!$A$2:$C$50, 3, FALSE)="Defense", "Defense", IF(VLOOKUP(#REF!, 'PlayerPosition Info'!$A$2:$C$50, 3, FALSE)="Mid", "Mid", "Attack")))) -> #REF! | I6: =COUNTIF(C6:H6, "Rest?") -> 0 | J6: =COUNTIF(C6:H6, "Goalie") -> 0 | W6: =COUNTIF(B2:H2, A2) + COUNTIF(B3:H3, A2) + COUNTIF(B4:H4, A2) + ... -> #ERROR! | X6: =IF(W6 < AVERAGE($W$2:$W$14), "✅ NEEDS TIME", "🛑 RESTING") -> #ERROR!
A7: Nolan Wargo | B7: =IFERROR(VLOOKUP(A7, 'Player/Position Info'!$A$2:$B$50, 2, FALSE), 0) -> 0 | C7: =IF(ISBLANK($A7), "Bench", IFS( $B7=3, "Striker", $B7=2, "Mid", $B7=1, IF(MOD(COLUMN(), 2)=0, "Defense", "Goalie") ) ) -> #N/A | D7: =IF(ISBLANK(#REF!), "Bench", IF(VLOOKUP(#REF!, 'PlayerPosition Info'!$A$2:$C$50, 3, FALSE)="Goalie", "Goalie", IF(VLOOKUP(#REF!, 'PlayerPosition Info'!$A$2:$C$50, 3, FALSE)="Defense", "Defense", IF(VLOOKUP(#REF!, 'PlayerPosition Info'!$A$2:$C$50, 3, FALSE)="Mid", "Mid", "Attack")))) -> #REF! | E7: =IF(ISBLANK(#REF!), "Bench", IF(VLOOKUP(#REF!, 'PlayerPosition Info'!$A$2:$C$50, 3, FALSE)="Goalie", "Goalie", IF(VLOOKUP(#REF!, 'PlayerPosition Info'!$A$2:$C$50, 3, FALSE)="Defense", "Defense", IF(VLOOKUP(#REF!, 'PlayerPosition Info'!$A$2:$C$50, 3, FALSE)="Mid", "Mid", "Attack")))) -> #REF! | F7: =IF(ISBLANK(#REF!), "Bench", IF(VLOOKUP(#REF!, 'PlayerPosition Info'!$A$2:$C$50, 3, FALSE)="Goalie", "Goalie", IF(VLOOKUP(#REF!, 'PlayerPosition Info'!$A$2:$C$50, 3, FALSE)="Defense", "Defense", IF(VLOOKUP(#REF!, 'PlayerPosition Info'!$A$2:$C$50, 3, FALSE)="Mid", "Mid", "Attack")))) -> #REF! | G7: =IF(ISBLANK(#REF!), "Bench", IF(VLOOKUP(#REF!, 'PlayerPosition Info'!$A$2:$C$50, 3, FALSE)="Goalie", "Goalie", IF(VLOOKUP(#REF!, 'PlayerPosition Info'!$A$2:$C$50, 3, FALSE)="Defense", "Defense", IF(VLOOKUP(#REF!, 'PlayerPosition Info'!$A$2:$C$50, 3, FALSE)="Mid", "Mid", "Attack")))) -> #REF! | H7: =IF(ISBLANK(#REF!), "Bench", IF(VLOOKUP(#REF!, 'PlayerPosition Info'!$A$2:$C$50, 3, FALSE)="Goalie", "Goalie", IF(VLOOKUP(#REF!, 'PlayerPosition Info'!$A$2:$C$50, 3, FALSE)="Defense", "Defense", IF(VLOOKUP(#REF!, 'PlayerPosition Info'!$A$2:$C$50, 3, FALSE)="Mid", "Mid", "Attack")))) -> #REF! | I7: =COUNTIF(C7:H7, "Rest?") -> 0 | J7: =COUNTIF(C7:H7, "Goalie") -> 0 | W7: =COUNTIF(B2:H2, A2) + COUNTIF(B3:H3, A2) + COUNTIF(B4:H4, A2) + ... -> #ERROR! | X7: =IF(W7 < AVERAGE($W$2:$W$14), "✅ NEEDS TIME", "🛑 RESTING") -> #ERROR!
A8: Reece Myers | B8: =IFERROR(VLOOKUP(A8, 'Player/Position Info'!$A$2:$B$50, 2, FALSE), 0) -> 0 | C8: =IF(ISBLANK($A8), "Bench", IFS( $B8=3, "Striker", $B8=2, "Mid", $B8=1, IF(MOD(COLUMN(), 2)=0, "Defense", "Goalie") ) ) -> #N/A | D8: =IF(ISBLANK(#REF!), "Bench", IF(VLOOKUP(#REF!, 'PlayerPosition Info'!$A$2:$C$50, 3, FALSE)="Goalie", "Goalie", IF(VLOOKUP(#REF!, 'PlayerPosition Info'!$A$2:$C$50, 3, FALSE)="Defense", "Defense", IF(VLOOKUP(#REF!, 'PlayerPosition Info'!$A$2:$C$50, 3, FALSE)="Mid", "Mid", "Attack")))) -> #REF! | E8: =IF(ISBLANK(#REF!), "Bench", IF(VLOOKUP(#REF!, 'PlayerPosition Info'!$A$2:$C$50, 3, FALSE)="Goalie", "Goalie", IF(VLOOKUP(#REF!, 'PlayerPosition Info'!$A$2:$C$50, 3, FALSE)="Defense", "Defense", IF(VLOOKUP(#REF!, 'PlayerPosition Info'!$A$2:$C$50, 3, FALSE)="Mid", "Mid", "Attack")))) -> #REF! | F8: =IF(ISBLANK(#REF!), "Bench", IF(VLOOKUP(#REF!, 'PlayerPosition Info'!$A$2:$C$50, 3, FALSE)="Goalie", "Goalie", IF(VLOOKUP(#REF!, 'PlayerPosition Info'!$A$2:$C$50, 3, FALSE)="Defense", "Defense", IF(VLOOKUP(#REF!, 'PlayerPosition Info'!$A$2:$C$50, 3, FALSE)="Mid", "Mid", "Attack")))) -> #REF! | G8: =IF(ISBLANK(#REF!), "Bench", IF(VLOOKUP(#REF!, 'PlayerPosition Info'!$A$2:$C$50, 3, FALSE)="Goalie", "Goalie", IF(VLOOKUP(#REF!, 'PlayerPosition Info'!$A$2:$C$50, 3, FALSE)="Defense", "Defense", IF(VLOOKUP(#REF!, 'PlayerPosition Info'!$A$2:$C$50, 3, FALSE)="Mid", "Mid", "Attack")))) -> #REF! | H8: =IF(ISBLANK(#REF!), "Bench", IF(VLOOKUP(#REF!, 'PlayerPosition Info'!$A$2:$C$50, 3, FALSE)="Goalie", "Goalie", IF(VLOOKUP(#REF!, 'PlayerPosition Info'!$A$2:$C$50, 3, FALSE)="Defense", "Defense", IF(VLOOKUP(#REF!, 'PlayerPosition Info'!$A$2:$C$50, 3, FALSE)="Mid", "Mid", "Attack")))) -> #REF! | I8: =COUNTIF(C8:H8, "Rest?") -> 0 | J8: =COUNTIF(C8:H8, "Goalie") -> 0 | W8: =COUNTIF(B2:H2, A2) + COUNTIF(B3:H3, A2) + COUNTIF(B4:H4, A2) + ... -> #ERROR! | X8: =IF(W8 < AVERAGE($W$2:$W$14), "✅ NEEDS TIME", "🛑 RESTING") -> #ERROR!
A9: Skye Matthews | B9: =IFERROR(VLOOKUP(A9, 'Player/Position Info'!$A$2:$B$50, 2, FALSE), 0) -> 0 | C9: =IF(ISBLANK($A9), "Bench", IFS( $B9=3, "Striker", $B9=2, "Mid", $B9=1, IF(MOD(COLUMN(), 2)=0, "Defense", "Goalie") ) ) -> #N/A | D9: =IF(ISBLANK(#REF!), "Bench", IF(VLOOKUP(#REF!, 'PlayerPosition Info'!$A$2:$C$50, 3, FALSE)="Goalie", "Goalie", IF(VLOOKUP(#REF!, 'PlayerPosition Info'!$A$2:$C$50, 3, FALSE)="Defense", "Defense", IF(VLOOKUP(#REF!, 'PlayerPosition Info'!$A$2:$C$50, 3, FALSE)="Mid", "Mid", "Attack")))) -> #REF! | E9: =IF(ISBLANK(#REF!), "Bench", IF(VLOOKUP(#REF!, 'PlayerPosition Info'!$A$2:$C$50, 3, FALSE)="Goalie", "Goalie", IF(VLOOKUP(#REF!, 'PlayerPosition Info'!$A$2:$C$50, 3, FALSE)="Defense", "Defense", IF(VLOOKUP(#REF!, 'PlayerPosition Info'!$A$2:$C$50, 3, FALSE)="Mid", "Mid", "Attack")))) -> #REF! | F9: =IF(ISBLANK(#REF!), "Bench", IF(VLOOKUP(#REF!, 'PlayerPosition Info'!$A$2:$C$50, 3, FALSE)="Goalie", "Goalie", IF(VLOOKUP(#REF!, 'PlayerPosition Info'!$A$2:$C$50, 3, FALSE)="Defense", "Defense", IF(VLOOKUP(#REF!, 'PlayerPosition Info'!$A$2:$C$50, 3, FALSE)="Mid", "Mid", "Attack")))) -> #REF! | G9: =IF(ISBLANK(#REF!), "Bench", IF(VLOOKUP(#REF!, 'PlayerPosition Info'!$A$2:$C$50, 3, FALSE)="Goalie", "Goalie", IF(VLOOKUP(#REF!, 'PlayerPosition Info'!$A$2:$C$50, 3, FALSE)="Defense", "Defense", IF(VLOOKUP(#REF!, 'PlayerPosition Info'!$A$2:$C$50, 3, FALSE)="Mid", "Mid", "Attack")))) -> #REF! | H9: =IF(ISBLANK(#REF!), "Bench", IF(VLOOKUP(#REF!, 'PlayerPosition Info'!$A$2:$C$50, 3, FALSE)="Goalie", "Goalie", IF(VLOOKUP(#REF!, 'PlayerPosition Info'!$A$2:$C$50, 3, FALSE)="Defense", "Defense", IF(VLOOKUP(#REF!, 'PlayerPosition Info'!$A$2:$C$50, 3, FALSE)="Mid", "Mid", "Attack")))) -> #REF! | I9: =COUNTIF(C9:H9, "Rest?") -> 0 | J9: =COUNTIF(C9:H9, "Goalie") -> 0 | W9: =COUNTIF(B2:H2, A2) + COUNTIF(B3:H3, A2) + COUNTIF(B4:H4, A2) + ... -> #ERROR! | X9: =IF(W9 < AVERAGE($W$2:$W$14), "✅ NEEDS TIME", "🛑 RESTING") -> #ERROR!
A10: Jay Wellbock | B10: =IFERROR(VLOOKUP(A10, 'Player/Position Info'!$A$2:$B$50, 2, FALSE), 0) -> 0 | C10: =IF(ISBLANK($A10), "Bench", IFS( $B10=3, "Striker", $B10=2, "Mid", $B10=1, IF(MOD(COLUMN(), 2)=0, "Defense", "Goalie") ) ) -> #N/A | D10: =IF(ISBLANK(#REF!), "Bench", IF(VLOOKUP(#REF!, 'PlayerPosition Info'!$A$2:$C$50, 3, FALSE)="Goalie", "Goalie", IF(VLOOKUP(#REF!, 'PlayerPosition Info'!$A$2:$C$50, 3, FALSE)="Defense", "Defense", IF(VLOOKUP(#REF!, 'PlayerPosition Info'!$A$2:$C$50, 3, FALSE)="Mid", "Mid", "Attack")))) -> #REF! | E10: =IF(ISBLANK(#REF!), "Bench", IF(VLOOKUP(#REF!, 'PlayerPosition Info'!$A$2:$C$50, 3, FALSE)="Goalie", "Goalie", IF(VLOOKUP(#REF!, 'PlayerPosition Info'!$A$2:$C$50, 3, FALSE)="Defense", "Defense", IF(VLOOKUP(#REF!, 'PlayerPosition Info'!$A$2:$C$50, 3, FALSE)="Mid", "Mid", "Attack")))) -> #REF! | F10: =IF(ISBLANK(#REF!), "Bench", IF(VLOOKUP(#REF!, 'PlayerPosition Info'!$A$2:$C$50, 3, FALSE)="Goalie", "Goalie", IF(VLOOKUP(#REF!, 'PlayerPosition Info'!$A$2:$C$50, 3, FALSE)="Defense", "Defense", IF(VLOOKUP(#REF!, 'PlayerPosition Info'!$A$2:$C$50, 3, FALSE)="Mid", "Mid", "Attack")))) -> #REF! | G10: =IF(ISBLANK(#REF!), "Bench", IF(VLOOKUP(#REF!, 'PlayerPosition Info'!$A$2:$C$50, 3, FALSE)="Goalie", "Goalie", IF(VLOOKUP(#REF!, 'PlayerPosition Info'!$A$2:$C$50, 3, FALSE)="Defense", "Defense", IF(VLOOKUP(#REF!, 'PlayerPosition Info'!$A$2:$C$50, 3, FALSE)="Mid", "Mid", "Attack")))) -> #REF! | H10: =IF(ISBLANK(#REF!), "Bench", IF(VLOOKUP(#REF!, 'PlayerPosition Info'!$A$2:$C$50, 3, FALSE)="Goalie", "Goalie", IF(VLOOKUP(#REF!, 'PlayerPosition Info'!$A$2:$C$50, 3, FALSE)="Defense", "Defense", IF(VLOOKUP(#REF!, 'PlayerPosition Info'!$A$2:$C$50, 3, FALSE)="Mid", "Mid", "Attack")))) -> #REF! | I10: =COUNTIF(C10:H10, "Rest?") -> 0 | J10: =COUNTIF(C10:H10, "Goalie") -> 0 | W10: =COUNTIF(B2:H2, A2) + COUNTIF(B3:H3, A2) + COUNTIF(B4:H4, A2) + ... -> #ERROR! | X10: =IF(W10 < AVERAGE($W$2:$W$14), "✅ NEEDS TIME", "🛑 RESTING") -> #ERROR!
A11: Jonah Galvez | B11: =IFERROR(VLOOKUP(A11, 'Player/Position Info'!$A$2:$B$50, 2, FALSE), 0) -> 0 | C11: =IF(ISBLANK($A11), "Bench", IFS( $B11=3, "Striker", $B11=2, "Mid", $B11=1, IF(MOD(COLUMN(), 2)=0, "Defense", "Goalie") ) ) -> #N/A | D11: =IF(ISBLANK(#REF!), "Bench", IF(VLOOKUP(#REF!, 'PlayerPosition Info'!$A$2:$C$50, 3, FALSE)="Goalie", "Goalie", IF(VLOOKUP(#REF!, 'PlayerPosition Info'!$A$2:$C$50, 3, FALSE)="Defense", "Defense", IF(VLOOKUP(#REF!, 'PlayerPosition Info'!$A$2:$C$50, 3, FALSE)="Mid", "Mid", "Attack")))) -> #REF! | E11: =IF(ISBLANK(#REF!), "Bench", IF(VLOOKUP(#REF!, 'PlayerPosition Info'!$A$2:$C$50, 3, FALSE)="Goalie", "Goalie", IF(VLOOKUP(#REF!, 'PlayerPosition Info'!$A$2:$C$50, 3, FALSE)="Defense", "Defense", IF(VLOOKUP(#REF!, 'PlayerPosition Info'!$A$2:$C$50, 3, FALSE)="Mid", "Mid", "Attack")))) -> #REF! | F11: =IF(ISBLANK(#REF!), "Bench", IF(VLOOKUP(#REF!, 'PlayerPosition Info'!$A$2:$C$50, 3, FALSE)="Goalie", "Goalie", IF(VLOOKUP(#REF!, 'PlayerPosition Info'!$A$2:$C$50, 3, FALSE)="Defense", "Defense", IF(VLOOKUP(#REF!, 'PlayerPosition Info'!$A$2:$C$50, 3, FALSE)="Mid", "Mid", "Attack")))) -> #REF! | G11: =IF(ISBLANK(#REF!), "Bench", IF(VLOOKUP(#REF!, 'PlayerPosition Info'!$A$2:$C$50, 3, FALSE)="Goalie", "Goalie", IF(VLOOKUP(#REF!, 'PlayerPosition Info'!$A$2:$C$50, 3, FALSE)="Defense", "Defense", IF(VLOOKUP(#REF!, 'PlayerPosition Info'!$A$2:$C$50, 3, FALSE)="Mid", "Mid", "Attack")))) -> #REF! | H11: =IF(ISBLANK(#REF!), "Bench", IF(VLOOKUP(#REF!, 'PlayerPosition Info'!$A$2:$C$50, 3, FALSE)="Goalie", "Goalie", IF(VLOOKUP(#REF!, 'PlayerPosition Info'!$A$2:$C$50, 3, FALSE)="Defense", "Defense", IF(VLOOKUP(#REF!, 'PlayerPosition Info'!$A$2:$C$50, 3, FALSE)="Mid", "Mid", "Attack")))) -> #REF! | I11: =COUNTIF(C11:H11, "Rest?") -> 0 | J11: =COUNTIF(C11:H11, "Goalie") -> 0 | W11: =COUNTIF(B2:H2, A2) + COUNTIF(B3:H3, A2) + COUNTIF(B4:H4, A2) + ... -> #ERROR! | X11: =IF(W11 < AVERAGE($W$2:$W$14), "✅ NEEDS TIME", "🛑 RESTING") -> #ERROR!
A12: Adrian Murphy | B12: =IFERROR(VLOOKUP(A12, 'Player/Position Info'!$A$2:$B$50, 2, FALSE), 0) -> 0 | C12: =IF(ISBLANK($A12), "Bench", IFS( $B12=3, "Striker", $B12=2, "Mid", $B12=1, IF(MOD(COLUMN(), 2)=0, "Defense", "Goalie") ) ) -> #N/A | D12: =IF(ISBLANK(#REF!), "Bench", IF(VLOOKUP(#REF!, 'PlayerPosition Info'!$A$2:$C$50, 3, FALSE)="Goalie", "Goalie", IF(VLOOKUP(#REF!, 'PlayerPosition Info'!$A$2:$C$50, 3, FALSE)="Defense", "Defense", IF(VLOOKUP(#REF!, 'PlayerPosition Info'!$A$2:$C$50, 3, FALSE)="Mid", "Mid", "Attack")))) -> #REF! | E12: =IF(ISBLANK(#REF!), "Bench", IF(VLOOKUP(#REF!, 'PlayerPosition Info'!$A$2:$C$50, 3, FALSE)="Goalie", "Goalie", IF(VLOOKUP(#REF!, 'PlayerPosition Info'!$A$2:$C$50, 3, FALSE)="Defense", "Defense", IF(VLOOKUP(#REF!, 'PlayerPosition Info'!$A$2:$C$50, 3, FALSE)="Mid", "Mid", "Attack")))) -> #REF! | F12: =IF(ISBLANK(#REF!), "Bench", IF(VLOOKUP(#REF!, 'PlayerPosition Info'!$A$2:$C$50, 3, FALSE)="Goalie", "Goalie", IF(VLOOKUP(#REF!, 'PlayerPosition Info'!$A$2:$C$50, 3, FALSE)="Defense", "Defense", IF(VLOOKUP(#REF!, 'PlayerPosition Info'!$A$2:$C$50, 3, FALSE)="Mid", "Mid", "Attack")))) -> #REF! | G12: =IF(ISBLANK(#REF!), "Bench", IF(VLOOKUP(#REF!, 'PlayerPosition Info'!$A$2:$C$50, 3, FALSE)="Goalie", "Goalie", IF(VLOOKUP(#REF!, 'PlayerPosition Info'!$A$2:$C$50, 3, FALSE)="Defense", "Defense", IF(VLOOKUP(#REF!, 'PlayerPosition Info'!$A$2:$C$50, 3, FALSE)="Mid", "Mid", "Attack")))) -> #REF! | H12: =IF(ISBLANK(#REF!), "Bench", IF(VLOOKUP(#REF!, 'PlayerPosition Info'!$A$2:$C$50, 3, FALSE)="Goalie", "Goalie", IF(VLOOKUP(#REF!, 'PlayerPosition Info'!$A$2:$C$50, 3, FALSE)="Defense", "Defense", IF(VLOOKUP(#REF!, 'PlayerPosition Info'!$A$2:$C$50, 3, FALSE)="Mid", "Mid", "Attack")))) -> #REF! | I12: =COUNTIF(C12:H12, "Rest?") -> 0 | J12: =COUNTIF(C12:H12, "Goalie") -> 0 | W12: =COUNTIF(B2:H2, A2) + COUNTIF(B3:H3, A2) + COUNTIF(B4:H4, A2) + ... -> #ERROR! | X12: =IF(W12 < AVERAGE($W$2:$W$14), "✅ NEEDS TIME", "🛑 RESTING") -> #ERROR!
W13: =COUNTIF(B2:H2, A2) + COUNTIF(B3:H3, A2) + COUNTIF(B4:H4, A2) + ... -> #ERROR! | X13: =IF(W13 < AVERAGE($W$2:$W$14), "✅ NEEDS TIME", "🛑 RESTING") -> #ERROR!
A14: Shift Score | C14: =SUMPRODUCT(SUMIF('PlayerPosition Info'!$A$2:$A$50, $A$2:$A$12, 'PlayerPosition Info'!$B$2:$B$50) * (C$2:C$12<>"Rest") * (C$2:C$12<>"Bench")) -> #N/A | D14: =SUMPRODUCT(SUMIF('PlayerPosition Info'!$A$2:$A$50, $A$2:$A$12, 'PlayerPosition Info'!$B$2:$B$50) * (D$2:D$12<>"Rest") * (D$2:D$12<>"Bench")) -> #REF! | E14: =SUMPRODUCT(SUMIF('PlayerPosition Info'!$A$2:$A$50, $A$2:$A$12, 'PlayerPosition Info'!$B$2:$B$50) * (E$2:E$12<>"Rest") * (E$2:E$12<>"Bench")) -> #REF! | F14: =SUMPRODUCT(SUMIF('PlayerPosition Info'!$A$2:$A$50, $A$2:$A$12, 'PlayerPosition Info'!$B$2:$B$50) * (F$2:F$12<>"Rest") * (F$2:F$12<>"Bench")) -> #REF! | G14: =SUMPRODUCT(SUMIF('PlayerPosition Info'!$A$2:$A$50, $A$2:$A$12, 'PlayerPosition Info'!$B$2:$B$50) * (G$2:G$12<>"Rest") * (G$2:G$12<>"Bench")) -> #REF! | H14: =SUMPRODUCT(SUMIF('PlayerPosition Info'!$A$2:$A$50, $A$2:$A$12, 'PlayerPosition Info'!$B$2:$B$50) * (H$2:H$12<>"Rest") * (H$2:H$12<>"Bench")) -> #REF! | W14: =COUNTIF(B2:H2, A2) + COUNTIF(B3:H3, A2) + COUNTIF(B4:H4, A2) + ... -> #ERROR! | X14: =IF(W14 < AVERAGE($W$2:$W$14), "✅ NEEDS TIME", "🛑 RESTING") -> #ERROR!
A15: Traffic Light Audit | C15: =IF(C14=0, "", IF(C14<10, "⚠️ WEAK", "✅ BALANCED")) -> #N/A | D15: =IF(D14=0, "", IF(D14<10, "⚠️ WEAK", "✅ BALANCED")) -> #REF! | E15: =IF(E14=0, "", IF(E14<10, "⚠️ WEAK", "✅ BALANCED")) -> #REF! | F15: =IF(F14=0, "", IF(F14<10, "⚠️ WEAK", "✅ BALANCED")) -> #REF! | G15: =IF(G14=0, "", IF(G14<10, "⚠️ WEAK", "✅ BALANCED")) -> #REF! | H15: =IF(H14=0, "", IF(H14<10, "⚠️ WEAK", "✅ BALANCED")) -> #REF! | W15: =COUNTIF(B2:H2, A2) + COUNTIF(B3:H3, A2) + COUNTIF(B4:H4, A2) + ... -> #ERROR! | X15: =IF(W15 < AVERAGE($W$2:$W$14), "✅ NEEDS TIME", "🛑 RESTING") -> #ERROR!
A16: Role Auditor | C16: =COUNTIF(C2:C12, "Goalie") -> 0 | D16: =COUNTIF(D2:D12, "Goalie") -> 0 | E16: =COUNTIF(E2:E12, "Goalie") -> 0 | F16: =COUNTIF(F2:F12, "Goalie") -> 0 | G16: =COUNTIF(G2:G12, "Goalie") -> 0 | H16: =COUNTIF(H2:H12, "Goalie") -> 0
W17: =COUNTIF(B2:H2, A2) + COUNTIF(B3:H3, A2) + COUNTIF(B4:H4, A2) + ... -> #ERROR! | X17: =IF(W17 < AVERAGE($W$2:$W$14), "✅ NEEDS TIME", "🛑 RESTING") -> #ERROR!

Sheet Practice Info
A1: Daily Practice Routine
A2: Time | B2: Activity | C2: Focus
A3: 00-10m | B3: Warm-up & Footwork | C3: Dynamic running + Training ladder for agility.
A4: 10-20m | B4: Strategy Session | C4: Magnet board talk: Position names and daily goal.
A5: 20-50m | B5: Technical Drills | C5: Small group rotations (Coaches lead specific stations).
A6: 50-90m | B6: Game Play | C6: Scrimmage with "Freeze-Frame" coaching moments.
A9: Weekly Practice Agenda
A10: Date | B10: Strategy (Board) | C10: Station 1: Brennan | D10: Station 2: Ignatius
A11: 46100 | B11: The Offside Line: Visualizing the last defender. | C11: Offside Drill: Timing runs against the "3" defenders. | D11: Footwork: Ladder + Overlap/Weave passing.
A12: 46107 | B12: The Midfield Engine: The role of the "1." | C12: Pivot Play: The Midfielder receiving from the 3 and turning to the 2. | D12: Passing: Rondo (5v2) to emphasize quick possession.
A13: 46121 | B13: Attacking in Pairs: The "2" forwards. | C13: Forward Drills: Crossing and Finishing from corner kicks. | D13: Defense: Communication (Who is "First Defender" vs "Cover").
A14: 4/16 & 4/23 | B14: Match Readiness: Ref signals and field talk. | C14: Scrimmage: Stop-and-start coaching to fix positioning. | D14: Keepers/D: Goalie glove work + Goal kicks.
A15: 4/30 & 5/7 | B15: Objective: Overlap passing. The outside defenders (3) joining the attack. | C15: Exploiting the Wings: Using the 3-1-2 to stretch the defense. | D15: Technical: Corner kick redirection and volley practice.
A16: 5/14 & 5/21 | B16: Objective: Interceptions. Teaching the Midfielder to "read" the opponent's pass. | C16: Winning the Midfield: The "1" must dominate the center. | D16: Conditioning: Ladder drills + Shuttle runs with the ball.
A17: 46170 | B17: Objective: Tactical "Step." The 3 defenders stepping up together on a whistle. | C17: Advanced Offside: Pulling the line up. | D17: Attack: 2v1 drills (Two strikers vs one defender).
A18: 46177 | B18: Objective: Shot selection. Knowing when to blast it vs. when to tuck it in. | C18: Final Third Execution: Finishing with power and accuracy. | D18: Possession: Full-field Rondo or 4v4 small-sided games.

Sheet PlayerPosition Info
A1: Player Name | B1: Power Score | C1: Experience | D1: Preferred Positions | E1: Suggested Shift Rotation | F1: Kit Number | G1: Notes (how can we help develop them?)
A2: Adrian Murphy | B2: =IF(C2="Little experience", 1, IF(C2="Some experience", 2, IF(C2="Very experienced", 3, 0))) -> 1 | C2: Little experience | D2: Attack/Striker, Defense
A3: Fossouo Mokom | B3: =IF(C3="Little experience", 1, IF(C3="Some experience", 2, IF(C3="Very experienced", 3, 0))) -> 2 | C3: Some experience | D3: Defense, Midfield, Attack/Striker
A4: Genevieve Kruder | B4: =IF(C4="Little experience", 1, IF(C4="Some experience", 2, IF(C4="Very experienced", 3, 0))) -> 3 | C4: Very experienced | D4: Midfield, Defense
A5: Jay Wellbock | B5: =IF(C5="Little experience", 1, IF(C5="Some experience", 2, IF(C5="Very experienced", 3, 0))) -> 2 | C5: Some experience | D5: Midfield, Attack/Striker
A6: Jonah Galvez | B6: =IF(C6="Little experience", 1, IF(C6="Some experience", 2, IF(C6="Very experienced", 3, 0))) -> 2 | C6: Some experience | D6: Attack/Striker, Defense, Goalkeeper
A7: Mary Snow | B7: =IF(C7="Little experience", 1, IF(C7="Some experience", 2, IF(C7="Very experienced", 3, 0))) -> 2 | C7: Some experience | D7: Defense, Attack/Striker
A8: Mateo Gurrero | B8: =IF(C8="Little experience", 1, IF(C8="Some experience", 2, IF(C8="Very experienced", 3, 0))) -> 3 | C8: Very experienced | D8: Midfield, Attack/Striker
A9: Nolan Wargo | B9: =IF(C9="Little experience", 1, IF(C9="Some experience", 2, IF(C9="Very experienced", 3, 0))) -> 2 | C9: Some experience | D9: Defense, Goalkeeper
A10: Reece Myers | B10: =IF(C10="Little experience", 1, IF(C10="Some experience", 2, IF(C10="Very experienced", 3, 0))) -> 2 | C10: Some experience | D10: Defense, Goalkeeper
A11: Skye Matthews | B11: =IF(C11="Little experience", 1, IF(C11="Some experience", 2, IF(C11="Very experienced", 3, 0))) -> 1 | C11: Little experience | D11: Attack/Striker, Defense
A12: Trent Marshall | B12: =IF(C12="Little experience", 1, IF(C12="Some experience", 2, IF(C12="Very experienced", 3, 0))) -> 3 | C12: Very experienced | D12: Attack/Striker
